# Pathway	ERR710415_Abundance
UNMAPPED	126396.2894634770
UNINTEGRATED	35435.6777391419
UNINTEGRATED|g__Dialister.s__Dialister_invisus	8369.5149240330
UNINTEGRATED|g__Ruminococcus.s__Ruminococcus_bromii	2208.9855239402
UNINTEGRATED|g__Eubacterium.s__Eubacterium_rectale	2154.2369980252
UNINTEGRATED|g__Bacteroides.s__Bacteroides_dorei	2123.0690176355
UNINTEGRATED|g__Bifidobacterium.s__Bifidobacterium_longum	2036.9311319169
UNINTEGRATED|g__Bacteroides.s__Bacteroides_uniformis	1957.0012385488
UNINTEGRATED|g__Bacteroides.s__Bacteroides_eggerthii	1681.1190817517
UNINTEGRATED|g__Alistipes.s__Alistipes_onderdonkii	1250.3816055862
UNINTEGRATED|g__Bacteroides.s__Bacteroides_sp_D20	1184.1685975151
UNINTEGRATED|g__Ruminococcus.s__Ruminococcus_sp_5_1_39BFAA	1149.3730878316
UNINTEGRATED|g__Alistipes.s__Alistipes_shahii	1066.0082438168
UNINTEGRATED|g__Coprococcus.s__Coprococcus_comes	907.8201996621
UNINTEGRATED|g__Dorea.s__Dorea_longicatena	872.9102080616
UNINTEGRATED|g__Alistipes.s__Alistipes_sp_HGB5	871.1695587011
UNINTEGRATED|g__Eubacterium.s__Eubacterium_siraeum	804.3523087446
UNINTEGRATED|g__Megasphaera.s__Megasphaera_sp_BL7	768.9862680510
UNINTEGRATED|g__Bacteroides.s__Bacteroides_caccae	572.7862306114
UNINTEGRATED|g__Methanobrevibacter.s__Methanobrevibacter_smithii	422.5037818199
UNINTEGRATED|g__Bacteroides.s__Bacteroides_intestinalis	392.4822513621
UNINTEGRATED|g__Megasphaera.s__Megasphaera_sp_NM10	392.1017056653
UNINTEGRATED|g__Bacteroides.s__Bacteroides_thetaiotaomicron	355.2912032777
PWY-7219: adenosine ribonucleotides de novo biosynthesis	55.2831220572
PWY-7219: adenosine ribonucleotides de novo biosynthesis|g__Dialister.s__Dialister_invisus	18.9321308980
PWY-7219: adenosine ribonucleotides de novo biosynthesis|g__Ruminococcus.s__Ruminococcus_bromii	6.6882319709
PWY-7219: adenosine ribonucleotides de novo biosynthesis|g__Bacteroides.s__Bacteroides_eggerthii	3.8535147248
PWY-7219: adenosine ribonucleotides de novo biosynthesis|g__Bacteroides.s__Bacteroides_sp_D20	2.9443178201
PWY-7219: adenosine ribonucleotides de novo biosynthesis|g__Bifidobacterium.s__Bifidobacterium_longum	2.5103811662
PWY-7219: adenosine ribonucleotides de novo biosynthesis|g__Alistipes.s__Alistipes_shahii	2.3783137082
PWY-7219: adenosine ribonucleotides de novo biosynthesis|g__Ruminococcus.s__Ruminococcus_sp_5_1_39BFAA	2.3634389343
PWY-7219: adenosine ribonucleotides de novo biosynthesis|g__Megasphaera.s__Megasphaera_sp_NM10	2.1588785109
PWY-7219: adenosine ribonucleotides de novo biosynthesis|g__Eubacterium.s__Eubacterium_rectale	1.9766544236
PWY-7219: adenosine ribonucleotides de novo biosynthesis|g__Methanobrevibacter.s__Methanobrevibacter_smithii	1.4507209583
PWY-7219: adenosine ribonucleotides de novo biosynthesis|g__Alistipes.s__Alistipes_onderdonkii	1.3254879461
PWY-7219: adenosine ribonucleotides de novo biosynthesis|g__Alistipes.s__Alistipes_sp_HGB5	1.2550939214
PWY-7219: adenosine ribonucleotides de novo biosynthesis|g__Eubacterium.s__Eubacterium_siraeum	0.8752735230
PWY-7219: adenosine ribonucleotides de novo biosynthesis|g__Bacteroides.s__Bacteroides_intestinalis	0.7829320806
PWY-7219: adenosine ribonucleotides de novo biosynthesis|g__Dorea.s__Dorea_longicatena	0.7378712415
PWY-6122: 5-aminoimidazole ribonucleotide biosynthesis II	42.6489302013
PWY-6122: 5-aminoimidazole ribonucleotide biosynthesis II|g__Dialister.s__Dialister_invisus	19.7157897383
PWY-6122: 5-aminoimidazole ribonucleotide biosynthesis II|g__Bifidobacterium.s__Bifidobacterium_longum	2.3260975493
PWY-6122: 5-aminoimidazole ribonucleotide biosynthesis II|g__Alistipes.s__Alistipes_onderdonkii	1.7030336102
PWY-6122: 5-aminoimidazole ribonucleotide biosynthesis II|g__Ruminococcus.s__Ruminococcus_bromii	1.3570316322
PWY-6122: 5-aminoimidazole ribonucleotide biosynthesis II|g__Alistipes.s__Alistipes_sp_HGB5	1.1684533177
PWY-6277: superpathway of 5-aminoimidazole ribonucleotide biosynthesis	42.6489302013
PWY-6277: superpathway of 5-aminoimidazole ribonucleotide biosynthesis|g__Dialister.s__Dialister_invisus	19.7157897383
PWY-6277: superpathway of 5-aminoimidazole ribonucleotide biosynthesis|g__Bifidobacterium.s__Bifidobacterium_longum	2.3260975493
PWY-6277: superpathway of 5-aminoimidazole ribonucleotide biosynthesis|g__Alistipes.s__Alistipes_onderdonkii	1.7030336102
PWY-6277: superpathway of 5-aminoimidazole ribonucleotide biosynthesis|g__Ruminococcus.s__Ruminococcus_bromii	1.3570316322
PWY-6277: superpathway of 5-aminoimidazole ribonucleotide biosynthesis|g__Alistipes.s__Alistipes_sp_HGB5	1.1684533177
PWY-5686: UMP biosynthesis	42.2050849227
PWY-5686: UMP biosynthesis|g__Dialister.s__Dialister_invisus	12.4453213710
PWY-5686: UMP biosynthesis|g__Ruminococcus.s__Ruminococcus_bromii	6.1195478216
PEPTIDOGLYCANSYN-PWY: peptidoglycan biosynthesis I (meso-diaminopimelate containing)	40.0189577744
PEPTIDOGLYCANSYN-PWY: peptidoglycan biosynthesis I (meso-diaminopimelate containing)|g__Bacteroides.s__Bacteroides_sp_D20	1.9197224472
PEPTIDOGLYCANSYN-PWY: peptidoglycan biosynthesis I (meso-diaminopimelate containing)|g__Alistipes.s__Alistipes_onderdonkii	1.8848759611
PWY-6386: UDP-N-acetylmuramoyl-pentapeptide biosynthesis II (lysine-containing)	39.6830735561
PWY-6386: UDP-N-acetylmuramoyl-pentapeptide biosynthesis II (lysine-containing)|g__Alistipes.s__Alistipes_onderdonkii	1.8789290888
PWY-6386: UDP-N-acetylmuramoyl-pentapeptide biosynthesis II (lysine-containing)|g__Bacteroides.s__Bacteroides_sp_D20	1.8302499919
PWY-6121: 5-aminoimidazole ribonucleotide biosynthesis I	39.4428177931
PWY-6121: 5-aminoimidazole ribonucleotide biosynthesis I|g__Dialister.s__Dialister_invisus	14.2486499599
PWY-6121: 5-aminoimidazole ribonucleotide biosynthesis I|g__Ruminococcus.s__Ruminococcus_bromii	1.5975615548
PWY-6121: 5-aminoimidazole ribonucleotide biosynthesis I|g__Bifidobacterium.s__Bifidobacterium_longum	1.3573979435
PWY-6387: UDP-N-acetylmuramoyl-pentapeptide biosynthesis I (meso-diaminopimelate containing)	38.5580917586
PWY-6387: UDP-N-acetylmuramoyl-pentapeptide biosynthesis I (meso-diaminopimelate containing)|g__Bacteroides.s__Bacteroides_sp_D20	1.8840129501
PWY-6387: UDP-N-acetylmuramoyl-pentapeptide biosynthesis I (meso-diaminopimelate containing)|g__Alistipes.s__Alistipes_onderdonkii	1.6776710010
PWY-6151: S-adenosyl-L-methionine cycle I	35.7302644740
PWY-6151: S-adenosyl-L-methionine cycle I|g__Ruminococcus.s__Ruminococcus_bromii	5.9387634889
PWY-6151: S-adenosyl-L-methionine cycle I|g__Bacteroides.s__Bacteroides_eggerthii	3.2141877288
PWY-6151: S-adenosyl-L-methionine cycle I|g__Bacteroides.s__Bacteroides_uniformis	2.3002891678
PWY-6151: S-adenosyl-L-methionine cycle I|g__Bacteroides.s__Bacteroides_sp_D20	2.0830648020
PWY-6151: S-adenosyl-L-methionine cycle I|g__Ruminococcus.s__Ruminococcus_sp_5_1_39BFAA	2.0539157602
PWY-6151: S-adenosyl-L-methionine cycle I|g__Dorea.s__Dorea_longicatena	1.3772029481
NONMEVIPP-PWY: methylerythritol phosphate pathway I	35.6975299926
NONMEVIPP-PWY: methylerythritol phosphate pathway I|g__Bacteroides.s__Bacteroides_eggerthii	2.9232927314
PWY-7221: guanosine ribonucleotides de novo biosynthesis	34.7040232320
PWY-7221: guanosine ribonucleotides de novo biosynthesis|g__Dialister.s__Dialister_invisus	13.9430850512
PWY-7221: guanosine ribonucleotides de novo biosynthesis|g__Ruminococcus.s__Ruminococcus_bromii	6.3343194543
PWY-7221: guanosine ribonucleotides de novo biosynthesis|g__Alistipes.s__Alistipes_onderdonkii	2.1654210084
PWY-7221: guanosine ribonucleotides de novo biosynthesis|g__Ruminococcus.s__Ruminococcus_sp_5_1_39BFAA	1.7342896636
PWY-7221: guanosine ribonucleotides de novo biosynthesis|g__Coprococcus.s__Coprococcus_comes	0.8283288466
PWY-6703: preQ0 biosynthesis	34.2053878055
PWY-6703: preQ0 biosynthesis|g__Dialister.s__Dialister_invisus	11.0669185703
PWY-6703: preQ0 biosynthesis|g__Bacteroides.s__Bacteroides_eggerthii	2.1370132218
NONOXIPENT-PWY: pentose phosphate pathway (non-oxidative branch)	33.9449654229
NONOXIPENT-PWY: pentose phosphate pathway (non-oxidative branch)|g__Ruminococcus.s__Ruminococcus_bromii	4.9435998879
PWY-6700: queuosine biosynthesis	32.3679728737
PWY-6700: queuosine biosynthesis|g__Dialister.s__Dialister_invisus	7.7508045085
PWY-6700: queuosine biosynthesis|g__Bacteroides.s__Bacteroides_uniformis	2.4259838429
PWY-6700: queuosine biosynthesis|g__Bacteroides.s__Bacteroides_eggerthii	1.6448124808
PWY-6700: queuosine biosynthesis|g__Bacteroides.s__Bacteroides_sp_D20	1.5833417966
PWY-5667: CDP-diacylglycerol biosynthesis I	31.7306599530
PWY-5667: CDP-diacylglycerol biosynthesis I|g__Dialister.s__Dialister_invisus	9.6106202535
PWY-5667: CDP-diacylglycerol biosynthesis I|g__Ruminococcus.s__Ruminococcus_bromii	4.5926070312
PWY-5667: CDP-diacylglycerol biosynthesis I|g__Megasphaera.s__Megasphaera_sp_BL7	1.5198409627
PWY0-1319: CDP-diacylglycerol biosynthesis II	31.7306599530
PWY0-1319: CDP-diacylglycerol biosynthesis II|g__Dialister.s__Dialister_invisus	9.6106202535
PWY0-1319: CDP-diacylglycerol biosynthesis II|g__Ruminococcus.s__Ruminococcus_bromii	4.5926070312
PWY0-1319: CDP-diacylglycerol biosynthesis II|g__Megasphaera.s__Megasphaera_sp_BL7	1.5198409627
COA-PWY-1: coenzyme A biosynthesis II (mammalian)	31.2872399142
COA-PWY-1: coenzyme A biosynthesis II (mammalian)|g__Dialister.s__Dialister_invisus	12.1400805346
PANTO-PWY: phosphopantothenate biosynthesis I	30.8588340823
PANTO-PWY: phosphopantothenate biosynthesis I|g__Bacteroides.s__Bacteroides_eggerthii	5.2661911233
PANTO-PWY: phosphopantothenate biosynthesis I|g__Bacteroides.s__Bacteroides_sp_D20	4.0266311390
PANTO-PWY: phosphopantothenate biosynthesis I|g__Bacteroides.s__Bacteroides_uniformis	1.9047160808
PANTO-PWY: phosphopantothenate biosynthesis I|g__Alistipes.s__Alistipes_sp_HGB5	1.7959459857
PANTO-PWY: phosphopantothenate biosynthesis I|g__Bacteroides.s__Bacteroides_dorei	1.4479174502
PANTO-PWY: phosphopantothenate biosynthesis I|g__Megasphaera.s__Megasphaera_sp_BL7	1.3063357283
ANAGLYCOLYSIS-PWY: glycolysis III (from glucose)	30.4157466770
PWY-1042: glycolysis IV (plant cytosol)	29.4590962852
PWY-1042: glycolysis IV (plant cytosol)|g__Alistipes.s__Alistipes_shahii	3.8972143755
PWY-1042: glycolysis IV (plant cytosol)|g__Ruminococcus.s__Ruminococcus_bromii	3.6998724601
PWY-2942: L-lysine biosynthesis III	28.9234332990
PWY-2942: L-lysine biosynthesis III|g__Dialister.s__Dialister_invisus	9.9049072969
PWY-2942: L-lysine biosynthesis III|g__Bacteroides.s__Bacteroides_sp_D20	2.7307958307
PWY-2942: L-lysine biosynthesis III|g__Ruminococcus.s__Ruminococcus_sp_5_1_39BFAA	1.1923773412
CALVIN-PWY: Calvin-Benson-Bassham cycle	28.8716421290
CALVIN-PWY: Calvin-Benson-Bassham cycle|g__Ruminococcus.s__Ruminococcus_bromii	8.1543376662
PWY-5097: L-lysine biosynthesis VI	28.5702290365
PWY-5097: L-lysine biosynthesis VI|g__Dialister.s__Dialister_invisus	8.5281327670
PWY-5097: L-lysine biosynthesis VI|g__Bacteroides.s__Bacteroides_sp_D20	2.4068283997
PWY-5097: L-lysine biosynthesis VI|g__Ruminococcus.s__Ruminococcus_sp_5_1_39BFAA	1.3787767321
PWY-5097: L-lysine biosynthesis VI|g__Bacteroides.s__Bacteroides_uniformis	1.3300433089
PWY-6737: starch degradation V	27.2802633193
PWY-6737: starch degradation V|g__Ruminococcus.s__Ruminococcus_bromii	4.2617070388
PWY-6737: starch degradation V|g__Ruminococcus.s__Ruminococcus_sp_5_1_39BFAA	2.5178325778
PWY-6737: starch degradation V|g__Eubacterium.s__Eubacterium_rectale	2.0919706734
PWY-6737: starch degradation V|g__Alistipes.s__Alistipes_sp_HGB5	2.0641300480
ILEUSYN-PWY: L-isoleucine biosynthesis I (from threonine)	27.0318870169
ILEUSYN-PWY: L-isoleucine biosynthesis I (from threonine)|g__Methanobrevibacter.s__Methanobrevibacter_smithii	1.3205678442
ILEUSYN-PWY: L-isoleucine biosynthesis I (from threonine)|g__Bifidobacterium.s__Bifidobacterium_longum	1.1730550693
PWY-7111: pyruvate fermentation to isobutanol (engineered)	27.0318870169
PWY-7111: pyruvate fermentation to isobutanol (engineered)|g__Ruminococcus.s__Ruminococcus_bromii	7.5194909172
PWY-7111: pyruvate fermentation to isobutanol (engineered)|g__Bifidobacterium.s__Bifidobacterium_longum	1.6201732207
PWY-7111: pyruvate fermentation to isobutanol (engineered)|g__Ruminococcus.s__Ruminococcus_sp_5_1_39BFAA	1.2741511090
PWY-7111: pyruvate fermentation to isobutanol (engineered)|g__Dorea.s__Dorea_longicatena	1.0276412775
PWY-7111: pyruvate fermentation to isobutanol (engineered)|g__Methanobrevibacter.s__Methanobrevibacter_smithii	0.9066183137
PWY-7111: pyruvate fermentation to isobutanol (engineered)|g__Eubacterium.s__Eubacterium_rectale	0.9034972284
VALSYN-PWY: L-valine biosynthesis	27.0318870169
VALSYN-PWY: L-valine biosynthesis|g__Ruminococcus.s__Ruminococcus_bromii	7.5194909172
VALSYN-PWY: L-valine biosynthesis|g__Methanobrevibacter.s__Methanobrevibacter_smithii	1.3205678442
VALSYN-PWY: L-valine biosynthesis|g__Bifidobacterium.s__Bifidobacterium_longum	1.1730550693
VALSYN-PWY: L-valine biosynthesis|g__Dorea.s__Dorea_longicatena	1.0276412775
VALSYN-PWY: L-valine biosynthesis|g__Ruminococcus.s__Ruminococcus_sp_5_1_39BFAA	0.9104679778
VALSYN-PWY: L-valine biosynthesis|g__Eubacterium.s__Eubacterium_rectale	0.9034972284
PWY-5695: urate biosynthesis/inosine 5'-phosphate degradation	25.8070543446
PWY-5695: urate biosynthesis/inosine 5'-phosphate degradation|g__Bacteroides.s__Bacteroides_eggerthii	4.4244763478
PWY-5695: urate biosynthesis/inosine 5'-phosphate degradation|g__Alistipes.s__Alistipes_shahii	2.2753507046
PWY-724: superpathway of L-lysine, L-threonine and L-methionine biosynthesis II	25.6596301350
COMPLETE-ARO-PWY: superpathway of aromatic amino acid biosynthesis	23.8352264819
DTDPRHAMSYN-PWY: dTDP-L-rhamnose biosynthesis I	23.2399928160
DTDPRHAMSYN-PWY: dTDP-L-rhamnose biosynthesis I|g__Methanobrevibacter.s__Methanobrevibacter_smithii	2.4180407864
DTDPRHAMSYN-PWY: dTDP-L-rhamnose biosynthesis I|g__Alistipes.s__Alistipes_shahii	2.4033169371
DTDPRHAMSYN-PWY: dTDP-L-rhamnose biosynthesis I|g__Bacteroides.s__Bacteroides_caccae	1.3655266389
DTDPRHAMSYN-PWY: dTDP-L-rhamnose biosynthesis I|g__Eubacterium.s__Eubacterium_rectale	1.3389121339
ARO-PWY: chorismate biosynthesis I	23.0520445367
PWY-6163: chorismate biosynthesis from 3-dehydroquinate	23.0216335060
PWY-6163: chorismate biosynthesis from 3-dehydroquinate|g__Ruminococcus.s__Ruminococcus_sp_5_1_39BFAA	2.3373339434
SER-GLYSYN-PWY: superpathway of L-serine and glycine biosynthesis I	22.1037740905
SER-GLYSYN-PWY: superpathway of L-serine and glycine biosynthesis I|g__Ruminococcus.s__Ruminococcus_bromii	7.8650606437
PWY-7208: superpathway of pyrimidine nucleobases salvage	21.8847476007
PWY-7208: superpathway of pyrimidine nucleobases salvage|g__Dialister.s__Dialister_invisus	8.3131035890
PWY-7228: superpathway of guanosine nucleotides de novo biosynthesis I	21.3011927486
PWY-7228: superpathway of guanosine nucleotides de novo biosynthesis I|g__Dialister.s__Dialister_invisus	4.3387695137
THRESYN-PWY: superpathway of L-threonine biosynthesis	20.4437834583
RIBOSYN2-PWY: flavin biosynthesis I (bacteria and plants)	19.9645906478
PWY-7229: superpathway of adenosine nucleotides de novo biosynthesis I	19.6037624430
PWY-5188: tetrapyrrole biosynthesis I (from glutamate)	19.2371712941
PWY-5188: tetrapyrrole biosynthesis I (from glutamate)|g__Dialister.s__Dialister_invisus	11.3534703703
PWY-6123: inosine-5'-phosphate biosynthesis I	18.8275850812
PYRIDNUCSYN-PWY: NAD biosynthesis I (from aspartate)	18.5042028218
PYRIDNUCSYN-PWY: NAD biosynthesis I (from aspartate)|g__Ruminococcus.s__Ruminococcus_bromii	4.6253195470
PYRIDNUCSYN-PWY: NAD biosynthesis I (from aspartate)|g__Alistipes.s__Alistipes_shahii	1.6950047574
ARGININE-SYN4-PWY: L-ornithine de novo  biosynthesis	17.9312636869
ARGININE-SYN4-PWY: L-ornithine de novo  biosynthesis|g__Bacteroides.s__Bacteroides_uniformis	1.6179356687
ARGININE-SYN4-PWY: L-ornithine de novo  biosynthesis|g__Bacteroides.s__Bacteroides_sp_D20	1.1784060533
ARGININE-SYN4-PWY: L-ornithine de novo  biosynthesis|g__Bacteroides.s__Bacteroides_caccae	1.0179412139
ARGININE-SYN4-PWY: L-ornithine de novo  biosynthesis|g__Bacteroides.s__Bacteroides_thetaiotaomicron	0.9640489295
PWY-3841: folate transformations II	16.7581571059
PWY-3841: folate transformations II|g__Bacteroides.s__Bacteroides_caccae	1.2808197246
PWY-7199: pyrimidine deoxyribonucleosides salvage	16.7329980860
PWY-7199: pyrimidine deoxyribonucleosides salvage|g__Alistipes.s__Alistipes_sp_HGB5	2.6396519084
PWY-7187: pyrimidine deoxyribonucleotides de novo biosynthesis II	16.2233376649
PWY-5973: cis-vaccenate biosynthesis	15.9484907015
1CMET2-PWY: N10-formyl-tetrahydrofolate biosynthesis	15.7346402910
PWY-6897: thiamin salvage II	15.6589196466
DAPLYSINESYN-PWY: L-lysine biosynthesis I	15.3441959392
PWY-7197: pyrimidine deoxyribonucleotide phosphorylation	15.0171272743
PWY-7197: pyrimidine deoxyribonucleotide phosphorylation|g__Dialister.s__Dialister_invisus	7.2362974247
PWY-6527: stachyose degradation	14.5312610405
PWY-7400: L-arginine biosynthesis IV (archaebacteria)	14.2766996433
PWY-7400: L-arginine biosynthesis IV (archaebacteria)|g__Bifidobacterium.s__Bifidobacterium_longum	1.1642211718
PWY-6168: flavin biosynthesis III (fungi)	13.9860474212
PWY0-162: superpathway of pyrimidine ribonucleotides de novo biosynthesis	13.7296289835
PWY-6317: galactose degradation I (Leloir pathway)	13.6259729260
PWY-6317: galactose degradation I (Leloir pathway)|g__Ruminococcus.s__Ruminococcus_bromii	1.9844102933
PWY66-422: D-galactose degradation V (Leloir pathway)	13.6259729260
PWY66-422: D-galactose degradation V (Leloir pathway)|g__Ruminococcus.s__Ruminococcus_bromii	1.9844102933
PWY-7357: thiamin formation from pyrithiamine and oxythiamine (yeast)	13.5699831372
PWY-7357: thiamin formation from pyrithiamine and oxythiamine (yeast)|g__Ruminococcus.s__Ruminococcus_bromii	4.6515021153
PWY-7663: gondoate biosynthesis (anaerobic)	13.4243015905
PWY-7663: gondoate biosynthesis (anaerobic)|g__Bacteroides.s__Bacteroides_caccae	0.9997500625
ARGSYN-PWY: L-arginine biosynthesis I (via L-ornithine)	13.1668780284
ARGSYN-PWY: L-arginine biosynthesis I (via L-ornithine)|g__Bifidobacterium.s__Bifidobacterium_longum	1.1664573460
PWY0-166: superpathway of pyrimidine deoxyribonucleotides de novo biosynthesis (E. coli)	12.7400623856
PWY-6969: TCA cycle V (2-oxoglutarate:ferredoxin oxidoreductase)	12.6695744143
PWY-6385: peptidoglycan biosynthesis III (mycobacteria)	12.4644384102
PWY-6385: peptidoglycan biosynthesis III (mycobacteria)|g__Bacteroides.s__Bacteroides_sp_D20	1.9552823406
PWY-5100: pyruvate fermentation to acetate and lactate II	11.7740481040
PWY-2941: L-lysine biosynthesis II	11.2137014639
TRNA-CHARGING-PWY: tRNA charging	10.1134728676
PWY-7282: 4-amino-2-methyl-5-phosphomethylpyrimidine biosynthesis (yeast)	9.8415972899
PWY-6609: adenine and adenosine salvage III	9.5829658664
PWY-6609: adenine and adenosine salvage III|g__Alistipes.s__Alistipes_shahii	2.3578974568
DENOVOPURINE2-PWY: superpathway of purine nucleotides de novo biosynthesis II	9.4706838156
PWY-5659: GDP-mannose biosynthesis	9.2726091026
PWY-5659: GDP-mannose biosynthesis|g__Alistipes.s__Alistipes_shahii	2.1146104453
PWY-5659: GDP-mannose biosynthesis|g__Alistipes.s__Alistipes_onderdonkii	1.4801974527
PWY-5659: GDP-mannose biosynthesis|g__Alistipes.s__Alistipes_sp_HGB5	0.8831815655
THISYNARA-PWY: superpathway of thiamin diphosphate biosynthesis III (eukaryotes)	9.2530675546
PWY-6126: superpathway of adenosine nucleotides de novo biosynthesis II	8.9278460801
PWY-841: superpathway of purine nucleotides de novo biosynthesis I	8.7711534177
ANAEROFRUCAT-PWY: homolactic fermentation	8.4948344303
PWY-6125: superpathway of guanosine nucleotides de novo biosynthesis II	8.1688594885
PWY-3001: superpathway of L-isoleucine biosynthesis I	7.9987065651
HISTSYN-PWY: L-histidine biosynthesis	7.9409736533
TCA: TCA cycle I (prokaryotic)	7.6054311785
PWY0-845: superpathway of pyridoxal 5'-phosphate biosynthesis and salvage	7.5487063071
PWY0-845: superpathway of pyridoxal 5'-phosphate biosynthesis and salvage|g__Bacteroides.s__Bacteroides_sp_D20	3.1034111277
MET-SAM-PWY: superpathway of S-adenosyl-L-methionine biosynthesis	7.5067178045
PYRIDOXSYN-PWY: pyridoxal 5'-phosphate biosynthesis I	6.9364032964
PYRIDOXSYN-PWY: pyridoxal 5'-phosphate biosynthesis I|g__Bacteroides.s__Bacteroides_sp_D20	2.1946238209
PYRIDOXSYN-PWY: pyridoxal 5'-phosphate biosynthesis I|g__Bacteroides.s__Bacteroides_eggerthii	1.9618565598
ARGSYNBSUB-PWY: L-arginine biosynthesis II (acetyl cycle)	6.7961612546
ARGSYNBSUB-PWY: L-arginine biosynthesis II (acetyl cycle)|g__Bifidobacterium.s__Bifidobacterium_longum	1.5029282450
PWY-5154: L-arginine biosynthesis III (via N-acetyl-L-citrulline)	6.7837996588
PANTOSYN-PWY: pantothenate and coenzyme A biosynthesis I	6.7591678366
PWY0-1296: purine ribonucleosides degradation	6.7018702240
PWY0-1296: purine ribonucleosides degradation|g__Ruminococcus.s__Ruminococcus_sp_5_1_39BFAA	1.5938069217
PWY0-1296: purine ribonucleosides degradation|g__Eubacterium.s__Eubacterium_rectale	1.1301259283
PWY0-1296: purine ribonucleosides degradation|g__Dorea.s__Dorea_longicatena	1.1283043198
METSYN-PWY: L-homoserine and L-methionine biosynthesis	6.5710948739
PWY-7234: inosine-5'-phosphate biosynthesis III	6.4276612075
GLCMANNANAUT-PWY: superpathway of N-acetylglucosamine, N-acetylmannosamine and N-acetylneuraminate degradation	6.2748562445
BRANCHED-CHAIN-AA-SYN-PWY: superpathway of branched amino acid biosynthesis	6.1905248678
BRANCHED-CHAIN-AA-SYN-PWY: superpathway of branched amino acid biosynthesis|g__Methanobrevibacter.s__Methanobrevibacter_smithii	1.1206993164
BRANCHED-CHAIN-AA-SYN-PWY: superpathway of branched amino acid biosynthesis|g__Bifidobacterium.s__Bifidobacterium_longum	0.8772084352
PWY-6124: inosine-5'-phosphate biosynthesis II	5.8490863046
PWY-1269: CMP-3-deoxy-D-manno-octulosonate biosynthesis I	5.6771977845
PWY0-1586: peptidoglycan maturation (meso-diaminopimelate containing)	5.4812941452
P42-PWY: incomplete reductive TCA cycle	5.2109438612
PWY-7184: pyrimidine deoxyribonucleotides de novo biosynthesis I	5.1453717587
PWY-5103: L-isoleucine biosynthesis III	4.8967201110
PWY-5103: L-isoleucine biosynthesis III|g__Methanobrevibacter.s__Methanobrevibacter_smithii	0.9538344143
PWY-5103: L-isoleucine biosynthesis III|g__Bifidobacterium.s__Bifidobacterium_longum	0.8175412180
PWY-5690: TCA cycle II (plants and fungi)	4.8137837319
PWY-5347: superpathway of L-methionine biosynthesis (transsulfuration)	4.7811273494
PWY0-781: aspartate superpathway	4.6860783830
HISDEG-PWY: L-histidine degradation I	4.5721002124
HISDEG-PWY: L-histidine degradation I|g__Alistipes.s__Alistipes_shahii	1.6940968570
PWY-5104: L-isoleucine biosynthesis IV	4.4995915184
PWY-5104: L-isoleucine biosynthesis IV|g__Methanobrevibacter.s__Methanobrevibacter_smithii	1.0989076763
PWY-5101: L-isoleucine biosynthesis II	4.4934635879
P4-PWY: superpathway of L-lysine, L-threonine and L-methionine biosynthesis I	4.4539129126
TRPSYN-PWY: L-tryptophan biosynthesis	4.3875195159
ASPASN-PWY: superpathway of L-aspartate and L-asparagine biosynthesis	4.3285605516
PWY-6545: pyrimidine deoxyribonucleotides de novo biosynthesis III	4.3127801276
PWY-7220: adenosine deoxyribonucleotides de novo biosynthesis II	4.2244450237
PWY-7222: guanosine deoxyribonucleotides de novo biosynthesis II	4.2244450237
GLUTORN-PWY: L-ornithine biosynthesis	4.1741967942
GLUTORN-PWY: L-ornithine biosynthesis|g__Bifidobacterium.s__Bifidobacterium_longum	1.2412338220
PWY-5030: L-histidine degradation III	4.1502908710
PWY-5989: stearate biosynthesis II (bacteria and plants)	3.9306086403
GLYCOLYSIS: glycolysis I (from glucose 6-phosphate)	3.8009300914
PWY-5484: glycolysis II (from fructose 6-phosphate)	3.7830340212
HOMOSER-METSYN-PWY: L-methionine biosynthesis I	3.7562771645
HOMOSER-METSYN-PWY: L-methionine biosynthesis I|g__Ruminococcus.s__Ruminococcus_bromii	2.5199496010
COA-PWY: coenzyme A biosynthesis I	3.5844124364
PWY-6936: seleno-amino acid biosynthesis	3.4500867316
PWY-7456: mannan degradation	3.2555554046
POLYAMSYN-PWY: superpathway of polyamine biosynthesis I	3.1124974339
PWY-5367: petroselinate biosynthesis	2.9975042165
HSERMETANA-PWY: L-methionine biosynthesis III	2.9085608314
GLYCOGENSYNTH-PWY: glycogen biosynthesis I (from ADP-D-Glucose)	2.8010019792
PWY-5304: superpathway of sulfur oxidation (Acidianus ambivalens)	2.4944277093
PWY-5304: superpathway of sulfur oxidation (Acidianus ambivalens)|g__Ruminococcus.s__Ruminococcus_bromii	2.4944277093
GALACTUROCAT-PWY: D-galacturonate degradation I	2.3719096396
GALACTUROCAT-PWY: D-galacturonate degradation I|g__Alistipes.s__Alistipes_shahii	1.6502744920
PWY-6305: putrescine biosynthesis IV	1.9189516814
PWY-6305: putrescine biosynthesis IV|g__Methanobrevibacter.s__Methanobrevibacter_smithii	1.6977928693
PWY-5177: glutaryl-CoA degradation	1.3397846099
PWY-7383: anaerobic energy metabolism (invertebrates, cytosol)	1.2468689924