# Pathway	ERR710415_Coverage
UNMAPPED	1.0000000000
UNINTEGRATED	1.0000000000
UNINTEGRATED|g__Alistipes.s__Alistipes_onderdonkii	1.0000000000
UNINTEGRATED|g__Alistipes.s__Alistipes_shahii	1.0000000000
UNINTEGRATED|g__Alistipes.s__Alistipes_sp_HGB5	1.0000000000
UNINTEGRATED|g__Bacteroides.s__Bacteroides_caccae	1.0000000000
UNINTEGRATED|g__Bacteroides.s__Bacteroides_dorei	1.0000000000
UNINTEGRATED|g__Bacteroides.s__Bacteroides_eggerthii	1.0000000000
UNINTEGRATED|g__Bacteroides.s__Bacteroides_intestinalis	1.0000000000
UNINTEGRATED|g__Bacteroides.s__Bacteroides_sp_D20	1.0000000000
UNINTEGRATED|g__Bacteroides.s__Bacteroides_thetaiotaomicron	1.0000000000
UNINTEGRATED|g__Bacteroides.s__Bacteroides_uniformis	1.0000000000
UNINTEGRATED|g__Bifidobacterium.s__Bifidobacterium_longum	1.0000000000
UNINTEGRATED|g__Coprococcus.s__Coprococcus_comes	1.0000000000
UNINTEGRATED|g__Dialister.s__Dialister_invisus	1.0000000000
UNINTEGRATED|g__Dorea.s__Dorea_longicatena	1.0000000000
UNINTEGRATED|g__Eubacterium.s__Eubacterium_rectale	1.0000000000
UNINTEGRATED|g__Eubacterium.s__Eubacterium_siraeum	1.0000000000
UNINTEGRATED|g__Megasphaera.s__Megasphaera_sp_BL7	1.0000000000
UNINTEGRATED|g__Megasphaera.s__Megasphaera_sp_NM10	1.0000000000
UNINTEGRATED|g__Methanobrevibacter.s__Methanobrevibacter_smithii	1.0000000000
UNINTEGRATED|g__Ruminococcus.s__Ruminococcus_bromii	1.0000000000
UNINTEGRATED|g__Ruminococcus.s__Ruminococcus_sp_5_1_39BFAA	1.0000000000
PWY-7219: adenosine ribonucleotides de novo biosynthesis	0.9996915771
PWY-7219: adenosine ribonucleotides de novo biosynthesis|g__Dialister.s__Dialister_invisus	0.7342339423
PWY-7219: adenosine ribonucleotides de novo biosynthesis|g__Ruminococcus.s__Ruminococcus_bromii	0.5234281868
PWY-7219: adenosine ribonucleotides de novo biosynthesis|g__Bacteroides.s__Bacteroides_eggerthii	0.5804103322
PWY-7219: adenosine ribonucleotides de novo biosynthesis|g__Bacteroides.s__Bacteroides_sp_D20	0.6732811618
PWY-7219: adenosine ribonucleotides de novo biosynthesis|g__Bifidobacterium.s__Bifidobacterium_longum	0.8141098660
PWY-7219: adenosine ribonucleotides de novo biosynthesis|g__Alistipes.s__Alistipes_shahii	0.3606184809
PWY-7219: adenosine ribonucleotides de novo biosynthesis|g__Ruminococcus.s__Ruminococcus_sp_5_1_39BFAA	0.7582307821
PWY-7219: adenosine ribonucleotides de novo biosynthesis|g__Megasphaera.s__Megasphaera_sp_NM10	0.7660215455
PWY-7219: adenosine ribonucleotides de novo biosynthesis|g__Eubacterium.s__Eubacterium_rectale	0.7617869902
PWY-7219: adenosine ribonucleotides de novo biosynthesis|g__Methanobrevibacter.s__Methanobrevibacter_smithii	0.6929298826
PWY-7219: adenosine ribonucleotides de novo biosynthesis|g__Alistipes.s__Alistipes_onderdonkii	0.2590968034
PWY-7219: adenosine ribonucleotides de novo biosynthesis|g__Alistipes.s__Alistipes_sp_HGB5	0.2990755804
PWY-7219: adenosine ribonucleotides de novo biosynthesis|g__Eubacterium.s__Eubacterium_siraeum	0.5869005198
PWY-7219: adenosine ribonucleotides de novo biosynthesis|g__Bacteroides.s__Bacteroides_intestinalis	0.5189984160
PWY-7219: adenosine ribonucleotides de novo biosynthesis|g__Dorea.s__Dorea_longicatena	0.4769239799
PWY-6122: 5-aminoimidazole ribonucleotide biosynthesis II	0.9936060219
PWY-6122: 5-aminoimidazole ribonucleotide biosynthesis II|g__Dialister.s__Dialister_invisus	0.7341310417
PWY-6122: 5-aminoimidazole ribonucleotide biosynthesis II|g__Bifidobacterium.s__Bifidobacterium_longum	0.7962130602
PWY-6122: 5-aminoimidazole ribonucleotide biosynthesis II|g__Alistipes.s__Alistipes_onderdonkii	0.3648526118
PWY-6122: 5-aminoimidazole ribonucleotide biosynthesis II|g__Ruminococcus.s__Ruminococcus_bromii	0.0135728984
PWY-6122: 5-aminoimidazole ribonucleotide biosynthesis II|g__Alistipes.s__Alistipes_sp_HGB5	0.2732744262
PWY-6277: superpathway of 5-aminoimidazole ribonucleotide biosynthesis	0.9936060219
PWY-6277: superpathway of 5-aminoimidazole ribonucleotide biosynthesis|g__Dialister.s__Dialister_invisus	0.7341310417
PWY-6277: superpathway of 5-aminoimidazole ribonucleotide biosynthesis|g__Bifidobacterium.s__Bifidobacterium_longum	0.7962130602
PWY-6277: superpathway of 5-aminoimidazole ribonucleotide biosynthesis|g__Alistipes.s__Alistipes_onderdonkii	0.3648526118
PWY-6277: superpathway of 5-aminoimidazole ribonucleotide biosynthesis|g__Ruminococcus.s__Ruminococcus_bromii	0.0135728984
PWY-6277: superpathway of 5-aminoimidazole ribonucleotide biosynthesis|g__Alistipes.s__Alistipes_sp_HGB5	0.2732744262
PWY-5686: UMP biosynthesis	0.9979111035
PWY-5686: UMP biosynthesis|g__Dialister.s__Dialister_invisus	0.2816123030
PWY-5686: UMP biosynthesis|g__Ruminococcus.s__Ruminococcus_bromii	0.5468784455
PEPTIDOGLYCANSYN-PWY: peptidoglycan biosynthesis I (meso-diaminopimelate containing)	0.9861687620
PEPTIDOGLYCANSYN-PWY: peptidoglycan biosynthesis I (meso-diaminopimelate containing)|g__Bacteroides.s__Bacteroides_sp_D20	0.4990615085
PEPTIDOGLYCANSYN-PWY: peptidoglycan biosynthesis I (meso-diaminopimelate containing)|g__Alistipes.s__Alistipes_onderdonkii	0.3550600918
PWY-6386: UDP-N-acetylmuramoyl-pentapeptide biosynthesis II (lysine-containing)	0.9840964208
PWY-6386: UDP-N-acetylmuramoyl-pentapeptide biosynthesis II (lysine-containing)|g__Alistipes.s__Alistipes_onderdonkii	0.3520290008
PWY-6386: UDP-N-acetylmuramoyl-pentapeptide biosynthesis II (lysine-containing)|g__Bacteroides.s__Bacteroides_sp_D20	0.4804074595
PWY-6121: 5-aminoimidazole ribonucleotide biosynthesis I	0.9883949782
PWY-6121: 5-aminoimidazole ribonucleotide biosynthesis I|g__Dialister.s__Dialister_invisus	0.3195902753
PWY-6121: 5-aminoimidazole ribonucleotide biosynthesis I|g__Ruminococcus.s__Ruminococcus_bromii	0.0168484426
PWY-6121: 5-aminoimidazole ribonucleotide biosynthesis I|g__Bifidobacterium.s__Bifidobacterium_longum	0.6417126309
PWY-6387: UDP-N-acetylmuramoyl-pentapeptide biosynthesis I (meso-diaminopimelate containing)	0.9828532517
PWY-6387: UDP-N-acetylmuramoyl-pentapeptide biosynthesis I (meso-diaminopimelate containing)|g__Bacteroides.s__Bacteroides_sp_D20	0.4892090245
PWY-6387: UDP-N-acetylmuramoyl-pentapeptide biosynthesis I (meso-diaminopimelate containing)|g__Alistipes.s__Alistipes_onderdonkii	0.3161977313
PWY-6151: S-adenosyl-L-methionine cycle I	0.9818612368
PWY-6151: S-adenosyl-L-methionine cycle I|g__Ruminococcus.s__Ruminococcus_bromii	0.4009500350
PWY-6151: S-adenosyl-L-methionine cycle I|g__Bacteroides.s__Bacteroides_eggerthii	0.5217101207
PWY-6151: S-adenosyl-L-methionine cycle I|g__Bacteroides.s__Bacteroides_uniformis	0.4634932766
PWY-6151: S-adenosyl-L-methionine cycle I|g__Bacteroides.s__Bacteroides_sp_D20	0.5406434560
PWY-6151: S-adenosyl-L-methionine cycle I|g__Ruminococcus.s__Ruminococcus_sp_5_1_39BFAA	0.7191287512
PWY-6151: S-adenosyl-L-methionine cycle I|g__Dorea.s__Dorea_longicatena	0.6547786629
NONMEVIPP-PWY: methylerythritol phosphate pathway I	0.9471497672
NONMEVIPP-PWY: methylerythritol phosphate pathway I|g__Bacteroides.s__Bacteroides_eggerthii	0.4191890398
PWY-7221: guanosine ribonucleotides de novo biosynthesis	0.9638836025
PWY-7221: guanosine ribonucleotides de novo biosynthesis|g__Dialister.s__Dialister_invisus	0.4660477215
PWY-7221: guanosine ribonucleotides de novo biosynthesis|g__Ruminococcus.s__Ruminococcus_bromii	0.5749891049
PWY-7221: guanosine ribonucleotides de novo biosynthesis|g__Alistipes.s__Alistipes_onderdonkii	0.4620359012
PWY-7221: guanosine ribonucleotides de novo biosynthesis|g__Ruminococcus.s__Ruminococcus_sp_5_1_39BFAA	0.6694752597
PWY-7221: guanosine ribonucleotides de novo biosynthesis|g__Coprococcus.s__Coprococcus_comes	0.4790446778
PWY-6703: preQ0 biosynthesis	0.9677684719
PWY-6703: preQ0 biosynthesis|g__Dialister.s__Dialister_invisus	0.1717301076
PWY-6703: preQ0 biosynthesis|g__Bacteroides.s__Bacteroides_eggerthii	0.3280317793
NONOXIPENT-PWY: pentose phosphate pathway (non-oxidative branch)	0.9740916227
NONOXIPENT-PWY: pentose phosphate pathway (non-oxidative branch)|g__Ruminococcus.s__Ruminococcus_bromii	0.2788906141
PWY-6700: queuosine biosynthesis	0.9380031274
PWY-6700: queuosine biosynthesis|g__Dialister.s__Dialister_invisus	0.0581313796
PWY-6700: queuosine biosynthesis|g__Bacteroides.s__Bacteroides_uniformis	0.5043467665
PWY-6700: queuosine biosynthesis|g__Bacteroides.s__Bacteroides_eggerthii	0.2041109615
PWY-6700: queuosine biosynthesis|g__Bacteroides.s__Bacteroides_sp_D20	0.4156621070
PWY-5667: CDP-diacylglycerol biosynthesis I	0.9437122851
PWY-5667: CDP-diacylglycerol biosynthesis I|g__Dialister.s__Dialister_invisus	0.1204224316
PWY-5667: CDP-diacylglycerol biosynthesis I|g__Ruminococcus.s__Ruminococcus_bromii	0.3138993711
PWY-5667: CDP-diacylglycerol biosynthesis I|g__Megasphaera.s__Megasphaera_sp_BL7	0.6665743027
PWY0-1319: CDP-diacylglycerol biosynthesis II	0.9437122851
PWY0-1319: CDP-diacylglycerol biosynthesis II|g__Dialister.s__Dialister_invisus	0.1204224316
PWY0-1319: CDP-diacylglycerol biosynthesis II|g__Ruminococcus.s__Ruminococcus_bromii	0.3138993711
PWY0-1319: CDP-diacylglycerol biosynthesis II|g__Megasphaera.s__Megasphaera_sp_BL7	0.6665743027
COA-PWY-1: coenzyme A biosynthesis II (mammalian)	0.8578103937
COA-PWY-1: coenzyme A biosynthesis II (mammalian)|g__Dialister.s__Dialister_invisus	0.2004702536
PANTO-PWY: phosphopantothenate biosynthesis I	0.9318751133
PANTO-PWY: phosphopantothenate biosynthesis I|g__Bacteroides.s__Bacteroides_eggerthii	0.7780271261
PANTO-PWY: phosphopantothenate biosynthesis I|g__Bacteroides.s__Bacteroides_sp_D20	0.7768038671
PANTO-PWY: phosphopantothenate biosynthesis I|g__Bacteroides.s__Bacteroides_uniformis	0.3709676969
PANTO-PWY: phosphopantothenate biosynthesis I|g__Alistipes.s__Alistipes_sp_HGB5	0.4324419416
PANTO-PWY: phosphopantothenate biosynthesis I|g__Bacteroides.s__Bacteroides_dorei	0.4912043779
PANTO-PWY: phosphopantothenate biosynthesis I|g__Megasphaera.s__Megasphaera_sp_BL7	0.6199654695
ANAGLYCOLYSIS-PWY: glycolysis III (from glucose)	0.6880759116
PWY-1042: glycolysis IV (plant cytosol)	0.6324573700
PWY-1042: glycolysis IV (plant cytosol)|g__Alistipes.s__Alistipes_shahii	0.5434083774
PWY-1042: glycolysis IV (plant cytosol)|g__Ruminococcus.s__Ruminococcus_bromii	0.0795217766
PWY-2942: L-lysine biosynthesis III	0.8359382053
PWY-2942: L-lysine biosynthesis III|g__Dialister.s__Dialister_invisus	0.1580549874
PWY-2942: L-lysine biosynthesis III|g__Bacteroides.s__Bacteroides_sp_D20	0.6454323167
PWY-2942: L-lysine biosynthesis III|g__Ruminococcus.s__Ruminococcus_sp_5_1_39BFAA	0.5500039276
CALVIN-PWY: Calvin-Benson-Bassham cycle	0.6521621563
CALVIN-PWY: Calvin-Benson-Bassham cycle|g__Ruminococcus.s__Ruminococcus_bromii	0.4586679993
PWY-5097: L-lysine biosynthesis VI	0.8235271265
PWY-5097: L-lysine biosynthesis VI|g__Dialister.s__Dialister_invisus	0.1004831490
PWY-5097: L-lysine biosynthesis VI|g__Bacteroides.s__Bacteroides_sp_D20	0.5929059880
PWY-5097: L-lysine biosynthesis VI|g__Ruminococcus.s__Ruminococcus_sp_5_1_39BFAA	0.5961362929
PWY-5097: L-lysine biosynthesis VI|g__Bacteroides.s__Bacteroides_uniformis	0.2709688540
PWY-6737: starch degradation V	0.7931895989
PWY-6737: starch degradation V|g__Ruminococcus.s__Ruminococcus_bromii	0.2744738361
PWY-6737: starch degradation V|g__Ruminococcus.s__Ruminococcus_sp_5_1_39BFAA	0.7856436411
PWY-6737: starch degradation V|g__Eubacterium.s__Eubacterium_rectale	0.7791821796
PWY-6737: starch degradation V|g__Alistipes.s__Alistipes_sp_HGB5	0.4804043015
ILEUSYN-PWY: L-isoleucine biosynthesis I (from threonine)	0.7742524190
ILEUSYN-PWY: L-isoleucine biosynthesis I (from threonine)|g__Methanobrevibacter.s__Methanobrevibacter_smithii	0.6665109975
ILEUSYN-PWY: L-isoleucine biosynthesis I (from threonine)|g__Bifidobacterium.s__Bifidobacterium_longum	0.5958929019
PWY-7111: pyruvate fermentation to isobutanol (engineered)	0.7742524190
PWY-7111: pyruvate fermentation to isobutanol (engineered)|g__Ruminococcus.s__Ruminococcus_bromii	0.6291596335
PWY-7111: pyruvate fermentation to isobutanol (engineered)|g__Bifidobacterium.s__Bifidobacterium_longum	0.6918677552
PWY-7111: pyruvate fermentation to isobutanol (engineered)|g__Ruminococcus.s__Ruminococcus_sp_5_1_39BFAA	0.5697619882
PWY-7111: pyruvate fermentation to isobutanol (engineered)|g__Dorea.s__Dorea_longicatena	0.5764855066
PWY-7111: pyruvate fermentation to isobutanol (engineered)|g__Methanobrevibacter.s__Methanobrevibacter_smithii	0.5648855346
PWY-7111: pyruvate fermentation to isobutanol (engineered)|g__Eubacterium.s__Eubacterium_rectale	0.5419048380
VALSYN-PWY: L-valine biosynthesis	0.7742524190
VALSYN-PWY: L-valine biosynthesis|g__Ruminococcus.s__Ruminococcus_bromii	0.6291596335
VALSYN-PWY: L-valine biosynthesis|g__Methanobrevibacter.s__Methanobrevibacter_smithii	0.6665109975
VALSYN-PWY: L-valine biosynthesis|g__Bifidobacterium.s__Bifidobacterium_longum	0.5958929019
VALSYN-PWY: L-valine biosynthesis|g__Dorea.s__Dorea_longicatena	0.5764855066
VALSYN-PWY: L-valine biosynthesis|g__Ruminococcus.s__Ruminococcus_sp_5_1_39BFAA	0.4699279444
VALSYN-PWY: L-valine biosynthesis|g__Eubacterium.s__Eubacterium_rectale	0.5419048380
PWY-5695: urate biosynthesis/inosine 5'-phosphate degradation	0.7016413539
PWY-5695: urate biosynthesis/inosine 5'-phosphate degradation|g__Bacteroides.s__Bacteroides_eggerthii	0.6906748344
PWY-5695: urate biosynthesis/inosine 5'-phosphate degradation|g__Alistipes.s__Alistipes_shahii	0.3459285604
PWY-724: superpathway of L-lysine, L-threonine and L-methionine biosynthesis II	0.7488415145
COMPLETE-ARO-PWY: superpathway of aromatic amino acid biosynthesis	0.3691930703
DTDPRHAMSYN-PWY: dTDP-L-rhamnose biosynthesis I	0.5853972774
DTDPRHAMSYN-PWY: dTDP-L-rhamnose biosynthesis I|g__Methanobrevibacter.s__Methanobrevibacter_smithii	0.8282771116
DTDPRHAMSYN-PWY: dTDP-L-rhamnose biosynthesis I|g__Alistipes.s__Alistipes_shahii	0.3670884578
DTDPRHAMSYN-PWY: dTDP-L-rhamnose biosynthesis I|g__Bacteroides.s__Bacteroides_caccae	0.6740968826
DTDPRHAMSYN-PWY: dTDP-L-rhamnose biosynthesis I|g__Eubacterium.s__Eubacterium_rectale	0.6506086228
ARO-PWY: chorismate biosynthesis I	0.3391611995
PWY-6163: chorismate biosynthesis from 3-dehydroquinate	0.2988651001
PWY-6163: chorismate biosynthesis from 3-dehydroquinate|g__Ruminococcus.s__Ruminococcus_sp_5_1_39BFAA	0.7620343094
SER-GLYSYN-PWY: superpathway of L-serine and glycine biosynthesis I	0.5234734451
SER-GLYSYN-PWY: superpathway of L-serine and glycine biosynthesis I|g__Ruminococcus.s__Ruminococcus_bromii	0.7248093868
PWY-7208: superpathway of pyrimidine nucleobases salvage	0.4732384688
PWY-7208: superpathway of pyrimidine nucleobases salvage|g__Dialister.s__Dialister_invisus	0.0293651432
PWY-7228: superpathway of guanosine nucleotides de novo biosynthesis I	0.4735196106
PWY-7228: superpathway of guanosine nucleotides de novo biosynthesis I|g__Dialister.s__Dialister_invisus	0.0000752176
THRESYN-PWY: superpathway of L-threonine biosynthesis	0.5544366511
RIBOSYN2-PWY: flavin biosynthesis I (bacteria and plants)	0.0834100403
PWY-7229: superpathway of adenosine nucleotides de novo biosynthesis I	0.0211287658
PWY-5188: tetrapyrrole biosynthesis I (from glutamate)	0.4571559006
PWY-5188: tetrapyrrole biosynthesis I (from glutamate)|g__Dialister.s__Dialister_invisus	0.2796527276
PWY-6123: inosine-5'-phosphate biosynthesis I	0.1338800456
PYRIDNUCSYN-PWY: NAD biosynthesis I (from aspartate)	0.4149611212
PYRIDNUCSYN-PWY: NAD biosynthesis I (from aspartate)|g__Ruminococcus.s__Ruminococcus_bromii	0.3529205867
PYRIDNUCSYN-PWY: NAD biosynthesis I (from aspartate)|g__Alistipes.s__Alistipes_shahii	0.2047695367
ARGININE-SYN4-PWY: L-ornithine de novo  biosynthesis	0.1935798733
ARGININE-SYN4-PWY: L-ornithine de novo  biosynthesis|g__Bacteroides.s__Bacteroides_uniformis	0.3185382089
ARGININE-SYN4-PWY: L-ornithine de novo  biosynthesis|g__Bacteroides.s__Bacteroides_sp_D20	0.3267671476
ARGININE-SYN4-PWY: L-ornithine de novo  biosynthesis|g__Bacteroides.s__Bacteroides_caccae	0.5914562462
ARGININE-SYN4-PWY: L-ornithine de novo  biosynthesis|g__Bacteroides.s__Bacteroides_thetaiotaomicron	0.5762307822
PWY-3841: folate transformations II	0.0165290538
PWY-3841: folate transformations II|g__Bacteroides.s__Bacteroides_caccae	0.6575059515
PWY-7199: pyrimidine deoxyribonucleosides salvage	0.3331437986
PWY-7199: pyrimidine deoxyribonucleosides salvage|g__Alistipes.s__Alistipes_sp_HGB5	0.5977993923
PWY-7187: pyrimidine deoxyribonucleotides de novo biosynthesis II	0.0330087451
PWY-5973: cis-vaccenate biosynthesis	0.0854168908
1CMET2-PWY: N10-formyl-tetrahydrofolate biosynthesis	0.0144936770
PWY-6897: thiamin salvage II	0.0310888894
DAPLYSINESYN-PWY: L-lysine biosynthesis I	0.0365064394
PWY-7197: pyrimidine deoxyribonucleotide phosphorylation	0.3247377976
PWY-7197: pyrimidine deoxyribonucleotide phosphorylation|g__Dialister.s__Dialister_invisus	0.0228046463
PWY-6527: stachyose degradation	0.0859173991
PWY-7400: L-arginine biosynthesis IV (archaebacteria)	0.0000064227
PWY-7400: L-arginine biosynthesis IV (archaebacteria)|g__Bifidobacterium.s__Bifidobacterium_longum	0.5956249270
PWY-6168: flavin biosynthesis III (fungi)	0.0008497659
PWY0-162: superpathway of pyrimidine ribonucleotides de novo biosynthesis	0.0016756757
PWY-6317: galactose degradation I (Leloir pathway)	0.0555668916
PWY-6317: galactose degradation I (Leloir pathway)|g__Ruminococcus.s__Ruminococcus_bromii	0.0159993580
PWY66-422: D-galactose degradation V (Leloir pathway)	0.0555668916
PWY66-422: D-galactose degradation V (Leloir pathway)|g__Ruminococcus.s__Ruminococcus_bromii	0.0159993580
PWY-7357: thiamin formation from pyrithiamine and oxythiamine (yeast)	0.0275126812
PWY-7357: thiamin formation from pyrithiamine and oxythiamine (yeast)|g__Ruminococcus.s__Ruminococcus_bromii	0.2808209389
PWY-7663: gondoate biosynthesis (anaerobic)	0.0695211697
PWY-7663: gondoate biosynthesis (anaerobic)|g__Bacteroides.s__Bacteroides_caccae	0.5874178792
ARGSYN-PWY: L-arginine biosynthesis I (via L-ornithine)	0.0000055052
ARGSYN-PWY: L-arginine biosynthesis I (via L-ornithine)|g__Bifidobacterium.s__Bifidobacterium_longum	0.5962567447
PWY0-166: superpathway of pyrimidine deoxyribonucleotides de novo biosynthesis (E. coli)	0.0000191336
PWY-6969: TCA cycle V (2-oxoglutarate:ferredoxin oxidoreductase)	0.0000147515
PWY-6385: peptidoglycan biosynthesis III (mycobacteria)	0.0002362481
PWY-6385: peptidoglycan biosynthesis III (mycobacteria)|g__Bacteroides.s__Bacteroides_sp_D20	0.5051795368
PWY-5100: pyruvate fermentation to acetate and lactate II	0.0487115768
PWY-2941: L-lysine biosynthesis II	0.0005911031
TRNA-CHARGING-PWY: tRNA charging	0.0000068839
PWY-7282: 4-amino-2-methyl-5-phosphomethylpyrimidine biosynthesis (yeast)	0.0006138716
PWY-6609: adenine and adenosine salvage III	0.0111362025
PWY-6609: adenine and adenosine salvage III|g__Alistipes.s__Alistipes_shahii	0.3607540591
DENOVOPURINE2-PWY: superpathway of purine nucleotides de novo biosynthesis II	0.0000135527
PWY-5659: GDP-mannose biosynthesis	0.0046745708
PWY-5659: GDP-mannose biosynthesis|g__Alistipes.s__Alistipes_shahii	0.2981342471
PWY-5659: GDP-mannose biosynthesis|g__Alistipes.s__Alistipes_onderdonkii	0.3056336072
PWY-5659: GDP-mannose biosynthesis|g__Alistipes.s__Alistipes_sp_HGB5	0.2054912701
THISYNARA-PWY: superpathway of thiamin diphosphate biosynthesis III (eukaryotes)	0.0133489452
PWY-6126: superpathway of adenosine nucleotides de novo biosynthesis II	0.0000089262
PWY-841: superpathway of purine nucleotides de novo biosynthesis I	0.0000088694
ANAEROFRUCAT-PWY: homolactic fermentation	0.0000000150
PWY-6125: superpathway of guanosine nucleotides de novo biosynthesis II	0.0000089262
PWY-3001: superpathway of L-isoleucine biosynthesis I	0.0000084204
HISTSYN-PWY: L-histidine biosynthesis	0.0009052139
TCA: TCA cycle I (prokaryotic)	0.0000044259
PWY0-845: superpathway of pyridoxal 5'-phosphate biosynthesis and salvage	0.0002534626
PWY0-845: superpathway of pyridoxal 5'-phosphate biosynthesis and salvage|g__Bacteroides.s__Bacteroides_sp_D20	0.6660210825
MET-SAM-PWY: superpathway of S-adenosyl-L-methionine biosynthesis	0.0000045390
PYRIDOXSYN-PWY: pyridoxal 5'-phosphate biosynthesis I	0.0002017860
PYRIDOXSYN-PWY: pyridoxal 5'-phosphate biosynthesis I|g__Bacteroides.s__Bacteroides_sp_D20	0.5543940535
PYRIDOXSYN-PWY: pyridoxal 5'-phosphate biosynthesis I|g__Bacteroides.s__Bacteroides_eggerthii	0.2729242799
ARGSYNBSUB-PWY: L-arginine biosynthesis II (acetyl cycle)	0.0000020390
ARGSYNBSUB-PWY: L-arginine biosynthesis II (acetyl cycle)|g__Bifidobacterium.s__Bifidobacterium_longum	0.6700899316
PWY-5154: L-arginine biosynthesis III (via N-acetyl-L-citrulline)	0.0000020390
PANTOSYN-PWY: pantothenate and coenzyme A biosynthesis I	0.0000026149
PWY0-1296: purine ribonucleosides degradation	0.0002319195
PWY0-1296: purine ribonucleosides degradation|g__Ruminococcus.s__Ruminococcus_sp_5_1_39BFAA	0.6425997013
PWY0-1296: purine ribonucleosides degradation|g__Eubacterium.s__Eubacterium_rectale	0.6016606880
PWY0-1296: purine ribonucleosides degradation|g__Dorea.s__Dorea_longicatena	0.5968439800
METSYN-PWY: L-homoserine and L-methionine biosynthesis	0.0000038906
PWY-7234: inosine-5'-phosphate biosynthesis III	0.0000233473
GLCMANNANAUT-PWY: superpathway of N-acetylglucosamine, N-acetylmannosamine and N-acetylneuraminate degradation	0.0002561591
BRANCHED-CHAIN-AA-SYN-PWY: superpathway of branched amino acid biosynthesis	0.0000056137
BRANCHED-CHAIN-AA-SYN-PWY: superpathway of branched amino acid biosynthesis|g__Methanobrevibacter.s__Methanobrevibacter_smithii	0.6226407747
BRANCHED-CHAIN-AA-SYN-PWY: superpathway of branched amino acid biosynthesis|g__Bifidobacterium.s__Bifidobacterium_longum	0.5151299653
PWY-6124: inosine-5'-phosphate biosynthesis II	0.0000194576
PWY-1269: CMP-3-deoxy-D-manno-octulosonate biosynthesis I	0.0000884449
PWY0-1586: peptidoglycan maturation (meso-diaminopimelate containing)	0.0000945063
P42-PWY: incomplete reductive TCA cycle	0.0000025818
PWY-7184: pyrimidine deoxyribonucleotides de novo biosynthesis I	0.0000038269
PWY-5103: L-isoleucine biosynthesis III	0.0000042103
PWY-5103: L-isoleucine biosynthesis III|g__Methanobrevibacter.s__Methanobrevibacter_smithii	0.5783593151
PWY-5103: L-isoleucine biosynthesis III|g__Bifidobacterium.s__Bifidobacterium_longum	0.4959254925
PWY-5690: TCA cycle II (plants and fungi)	0.0000022130
PWY-5347: superpathway of L-methionine biosynthesis (transsulfuration)	0.0000017201
PWY0-781: aspartate superpathway	0.0000000093
HISDEG-PWY: L-histidine degradation I	0.0000122396
HISDEG-PWY: L-histidine degradation I|g__Alistipes.s__Alistipes_shahii	0.2306326510
PWY-5104: L-isoleucine biosynthesis IV	0.0000042101
PWY-5104: L-isoleucine biosynthesis IV|g__Methanobrevibacter.s__Methanobrevibacter_smithii	0.6197111729
PWY-5101: L-isoleucine biosynthesis II	0.0000042101
P4-PWY: superpathway of L-lysine, L-threonine and L-methionine biosynthesis I	0.0000000087
TRPSYN-PWY: L-tryptophan biosynthesis	0.0000042940
ASPASN-PWY: superpathway of L-aspartate and L-asparagine biosynthesis	0.0001900621
PWY-6545: pyrimidine deoxyribonucleotides de novo biosynthesis III	0.0000037094
PWY-7220: adenosine deoxyribonucleotides de novo biosynthesis II	0.0000038255
PWY-7222: guanosine deoxyribonucleotides de novo biosynthesis II	0.0000038255
GLUTORN-PWY: L-ornithine biosynthesis	0.0000011469
GLUTORN-PWY: L-ornithine biosynthesis|g__Bifidobacterium.s__Bifidobacterium_longum	0.6126035711
PWY-5030: L-histidine degradation III	0.0000109478
PWY-5989: stearate biosynthesis II (bacteria and plants)	0.0000003777
GLYCOLYSIS: glycolysis I (from glucose 6-phosphate)	0.0000000052
PWY-5484: glycolysis II (from fructose 6-phosphate)	0.0000000052
HOMOSER-METSYN-PWY: L-methionine biosynthesis I	0.0000019453
HOMOSER-METSYN-PWY: L-methionine biosynthesis I|g__Ruminococcus.s__Ruminococcus_bromii	0.0957399711
COA-PWY: coenzyme A biosynthesis I	0.0000011622
PWY-6936: seleno-amino acid biosynthesis	0.0000012985
PWY-7456: mannan degradation	0.0000000018
POLYAMSYN-PWY: superpathway of polyamine biosynthesis I	0.0000000920
PWY-5367: petroselinate biosynthesis	0.0000002518
HSERMETANA-PWY: L-methionine biosynthesis III	0.0000013037
GLYCOGENSYNTH-PWY: glycogen biosynthesis I (from ADP-D-Glucose)	0.0000000466
PWY-5304: superpathway of sulfur oxidation (Acidianus ambivalens)	0.0000052923
PWY-5304: superpathway of sulfur oxidation (Acidianus ambivalens)|g__Ruminococcus.s__Ruminococcus_bromii	0.1129260990
GALACTUROCAT-PWY: D-galacturonate degradation I	0.0000001194
GALACTUROCAT-PWY: D-galacturonate degradation I|g__Alistipes.s__Alistipes_shahii	0.2236632472
PWY-6305: putrescine biosynthesis IV	0.0000000307
PWY-6305: putrescine biosynthesis IV|g__Methanobrevibacter.s__Methanobrevibacter_smithii	0.7370852294
PWY-5177: glutaryl-CoA degradation	0.0000000023
PWY-7383: anaerobic energy metabolism (invertebrates, cytosol)	0.0000000001